est_x,est_y,gt_x,gt_y
7.603119630735221193e-03,1.043439947824231599e-02,2.659428002095800062e-02,4.865845620697500061e-03
1.802332524708807060e-01,8.517241646319585746e-02,1.135195813162069925e-02,5.633668644638800335e-03
3.118185943154521689e-01,1.011962825015742529e-01,-1.260415477373299934e-03,5.351561050469900299e-03
4.167480117968240805e-01,1.828574080160809134e-01,-1.121173725613970086e-02,3.999079622463800124e-03
5.566194667096683313e-01,3.029723170078366667e-01,-1.847090365479439958e-02,1.555781144893699907e-03
6.674717513802002067e-01,4.746551140077596709e-01,-2.300681112345289922e-02,-1.998777597967400180e-03
8.071598384510657587e-01,5.608094267603753735e-01,-2.478835611223099977e-02,-6.685039821846599714e-03
9.093489273041641674e-01,6.140864095407332357e-01,-2.378443507124439887e-02,-1.252344874247070076e-02
1.067279497883899531e+00,7.310787329368105825e-01,-1.996394445060890172e-02,-1.953444757556679900e-02
1.255457455715922155e+00,7.327335937123602427e-01,-1.329578070044029961e-02,-2.773847953686170084e-02
1.485375198597473911e+00,6.275953322936737022e-01,-3.748840270854199991e-03,-3.715598784208250238e-02
1.700153453761472200e+00,4.739474978987413545e-01,8.707980388033600624e-03,-4.780741570695599962e-02
1.932673460271612020e+00,3.196529466083772308e-01,2.410578482610750001e-02,-5.971320634720930082e-02
2.189069042854955516e+00,1.137393977008938351e-01,4.247567659325150041e-02,-7.289380297856930258e-02
2.407094269453130320e+00,-2.182075629130423855e-01,6.384875923935019737e-02,-8.736964881676299866e-02
2.888793446147229993e+00,-6.771493775499217715e-01,8.825613631428759487e-02,-1.031611870775172995e-01
3.182681144500431714e+00,-1.330687683933374998e+00,1.157289113679481063e-01,-1.202888609765592060e-01
3.592058191555844271e+00,-2.015563440062992928e+00,1.462981879502160132e-01,-1.387731137296155937e-01
3.647092607410248988e+00,-2.760020722851248109e+00,1.799950696109753057e-01,-1.586343885524134911e-01
3.895188141912452107e+00,-3.695206273034667976e+00,2.168506599001107094e-01,-1.798931286606798019e-01
3.878113163225801241e+00,-4.647968328299579177e+00,2.568960623675061172e-01,-2.025697772701416099e-01
3.999973266151314544e+00,-5.689469336511550068e+00,3.001623805630460051e-01,-2.266847775965256939e-01
3.995624151756018705e+00,-6.862562298494065516e+00,3.466807180366145991e-01,-2.522585728555591933e-01
3.843242222778629369e+00,-8.090053961022723783e+00,3.964821783380960141e-01,-2.793116062629689145e-01
3.858276080971143163e+00,-9.234554511134634325e+00,4.495978650173658164e-01,-3.078643210344759740e-01
3.737916436543511356e+00,-1.068057957883163311e+01,5.050384368258358236e-01,-3.384290467068548081e-01
3.560322413888350024e+00,-1.206664342859091299e+01,5.644619273256263892e-01,-3.706020443205811921e-01
3.279423789292836400e+00,-1.352253427048966117e+01,6.279476145439167878e-01,-4.044252394646856152e-01
3.248569654422863273e+00,-1.527342148816842560e+01,6.955430651331430125e-01,-4.399237876326508867e-01
2.989368125594447978e+00,-1.714212619876453658e+01,7.672641348779106751e-01,-4.771060737790669970e-01
2.806591486348126274e+00,-1.900696597759124984e+01,8.430949684168824732e-01,-5.159637125633775856e-01
2.668384497981243442e+00,-2.095414340204806436e+01,9.222421530194512274e-01,-5.564715489919560554e-01
2.399109540927109485e+00,-2.301408776513349252e+01,1.004781795662492039e+00,-5.985876570000197017e-01
2.263913402852264500e+00,-2.484873286750067223e+01,1.090751949947147192e+00,-6.422533402330988794e-01
1.971913772507668083e+00,-2.700858682823725943e+01,1.180152615168682084e+00,-6.864070380986150299e-01
1.672854494878412090e+00,-2.973619682526302910e+01,1.272945738372485369e+00,-7.311619498995743927e-01
1.187217834384292514e+00,-3.120951916741733356e+01,1.369055213220297551e+00,-7.766061194966842329e-01
1.137644455120106368e+00,-3.381466139704216545e+01,1.469274452811525133e+00,-8.249884455845484243e-01
8.566506276268304187e-01,-3.657579375344924699e+01,1.573619312961622496e+00,-8.763634313838867262e-01
6.247993180804174429e-01,-3.923153082650107137e+01,1.682073938330814311e+00,-9.307771949862040373e-01
2.193152064968526826e-01,-4.166300264976086964e+01,1.792937343580333520e+00,-9.870675545551448327e-01
-1.287098255182244633e-01,-4.409748978030754785e+01,1.906117566725093582e+00,-1.045041651123510773e+00
-6.963865308212809913e-01,-4.655880851656443298e+01,2.021478250168280422e+00,-1.104489855447420066e+00
-6.868373388952073721e-01,-5.037619879738213768e+01,2.139746212087768829e+00,-1.165399589857007090e+00
-1.343329793467377131e+00,-5.258441767122716470e+01,2.260864372902124053e+00,-1.227955327380026107e+00
-1.562601287064004474e+00,-5.604474916005482044e+01,2.384737599634334959e+00,-1.292324770770921782e+00
-2.101777548805487950e+00,-5.865931106976793785e+01,2.512140278930228288e+00,-1.358445031459995844e+00
-2.481973134195271324e+00,-6.218272177613420126e+01,2.643069239907596124e+00,-1.426022628639577627e+00
-2.901749294831734716e+00,-6.542271761123242868e+01,2.777489600518729063e+00,-1.494747311232206943e+00
-3.312342852699422746e+00,-6.899081742507422632e+01,2.914588920152199059e+00,-1.564505880516810388e+00
-3.612239249323644597e+00,-7.350949736533841872e+01,3.054424279338995074e+00,-1.635382187535936893e+00
-4.327382925101934674e+00,-7.585533216987994365e+01,3.197014705204690443e+00,-1.707443313072328772e+00
-4.807024463103095613e+00,-7.935843334315910624e+01,3.342341172078704403e+00,-1.781725662386342224e+00
-5.270278675337902285e+00,-8.323446211544255391e+01,3.490346600167780533e+00,-1.858057339314683087e+00
-5.551281516517304837e+00,-8.772592489241644387e+01,3.640935856278356031e+00,-1.936258062593670060e+00
-6.115156728218371640e+00,-9.274950633374481868e+01,3.794883326153660086e+00,-2.016139166295917828e+00
-6.668537125460476389e+00,-9.660751430436974374e+01,3.952185838872712687e+00,-2.097503598810877001e+00
-7.244710642687367752e+00,-1.008602757776014300e+02,4.112808512338336442e+00,-2.180145923431535238e+00
-7.773045603984353846e+00,-1.039552102383242271e+02,4.276684751654527439e+00,-2.262866224527945835e+00
-9.148667489971511912e+00,-1.071096899690001294e+02,4.443716252745936401e+00,-2.345647731375084533e+00
-9.343765860404490198e+00,-1.132831597489874724e+02,4.613773000347082487e+00,-2.428456903000031808e+00
-1.019419462586954594e+01,-1.183556527564499135e+02,4.786854995364712373e+00,-2.512229523803682696e+00
-1.044869584142621477e+01,-1.215638698577900243e+02,4.963092253611323557e+00,-2.596693075620467805e+00
-1.188037083972762531e+01,-1.274227868381647255e+02,5.142583079714156291e+00,-2.681566655204194571e+00
-1.268875272567865409e+01,-1.314133027077217832e+02,5.324486494520295210e+00,-2.767760890719884515e+00
-1.381995754817522837e+01,-1.369637812895467164e+02,5.508669311435315130e+00,-2.855200315243132003e+00
-1.475800386164123168e+01,-1.421392725425977801e+02,5.694960290452579343e+00,-2.943809461930634086e+00
-1.567640742975870083e+01,-1.463886663779037178e+02,5.884057710571074296e+00,-3.033512864347540194e+00
-1.707544291665769975e+01,-1.512269395697556718e+02,6.075882294095812597e+00,-3.124235055598152400e+00
-1.735946245431887647e+01,-1.547782831011191718e+02,6.270323052144092024e+00,-3.215900568871229215e+00
-1.981733552732477222e+01,-1.621757196380248445e+02,6.468144856775628782e+00,-3.307234021975055782e+00
-2.111154956446232944e+01,-1.665654965072688753e+02,6.669341365793305165e+00,-3.397937741422610181e+00
-2.217244330653445417e+01,-1.706374190004920308e+02,6.873880868034847325e+00,-3.487705668658894087e+00
-2.410387595635470603e+01,-1.773924316325244774e+02,7.081706283658732559e+00,-3.577423276208925973e+00
-2.534988689869695833e+01,-1.824804229432124885e+02,7.292735163758845118e+00,-3.666989941799513542e+00
-2.712272592801156179e+01,-1.876497847690860965e+02,7.506859690465389257e+00,-3.756305043248823861e+00
-2.878650408890366208e+01,-1.928618950043211839e+02,7.723200830416870666e+00,-3.845267960352081182e+00
-3.066165437077808065e+01,-1.978666422340891984e+02,7.941755412624121213e+00,-3.933778070613278999e+00
-3.248677663558740392e+01,-2.033215778681592951e+02,8.162488554901472071e+00,-4.021734751644194361e+00
-3.421755352305485331e+01,-2.087359513345078028e+02,8.386079510175660445e+00,-4.109037380278738993e+00
-3.750517560336067646e+01,-2.131282932751977057e+02,8.612274589327595820e+00,-4.195585334433858726e+00
-3.804651816834680744e+01,-2.194904213202583776e+02,8.840794734271781863e+00,-4.281277992127117571e+00
-4.047923291358837616e+01,-2.248442953910508777e+02,9.071497244219724365e+00,-4.366014733002786308e+00
-4.277170633917513243e+01,-2.284446619668949552e+02,9.304375776996957725e+00,-4.449694934654085721e+00
-4.470738846710613501e+01,-2.353490698888942063e+02,9.539398621457559457e+00,-4.532217974789025661e+00
-4.581842079607091023e+01,-2.329295813942357540e+02,9.775762854053116513e+00,-4.615669243382899189e+00
-5.067173701119232021e+01,-2.447902886957753026e+02,1.001354141019065658e+01,-4.699964888078982383e+00
-5.169093489133432229e+01,-2.522988732471049786e+02,1.025277551409797994e+01,-4.785037826964947172e+00
-5.322659723606004434e+01,-2.580731615745730778e+02,1.049422052220053914e+01,-4.868651737442458938e+00
-5.483786098730298164e+01,-2.638447443952599087e+02,1.073769885218482756e+01,-4.950756308270120698e+00
-5.654309131047361348e+01,-2.695847415791802177e+02,1.098300755276425633e+01,-5.031301228331155784e+00
-5.808393801332972117e+01,-2.751709507599269386e+02,1.123008003254575549e+01,-5.111222282553043783e+00
-6.003866772697305265e+01,-2.811432464042965762e+02,1.147898605564528474e+01,-5.190263722985058337e+00
-6.198482147618185678e+01,-2.868963177732779286e+02,1.172977001722259516e+01,-5.268178186972162891e+00
-6.387366439182171263e+01,-2.925418653609297053e+02,1.198319678857745352e+01,-5.344940517197287910e+00
-6.577729694371396363e+01,-2.980060464149984796e+02,1.223910464312623958e+01,-5.420747764608472075e+00
-6.818749466153369099e+01,-3.044261120718617235e+02,1.249731282754718009e+01,-5.495805365438168444e+00
-7.044939056435839575e+01,-3.105850679313553542e+02,1.275687571696234635e+01,-5.570113322094623953e+00
-7.247773137453665981e+01,-3.151795384892960215e+02,1.301772988867763381e+01,-5.643466197760826475e+00
-7.476539115587695505e+01,-3.212266094266454957e+02,1.327978655104382888e+01,-5.715666940924979400e+00
-7.704639932668359847e+01,-3.265553550092727164e+02,1.354383911793583550e+01,-5.787726800697369001e+00
-7.958653495120009325e+01,-3.333649345828837340e+02,1.380991612919804012e+01,-5.859687702296761280e+00
-8.207574497576612771e+01,-3.387340657275676676e+02,1.407802709795904050e+01,-5.931608341401204854e+00
-8.470780355905014858e+01,-3.442412015475570115e+02,1.434816250961225848e+01,-6.002364268773408895e+00
-8.732493582955444822e+01,-3.497344704098263719e+02,1.462029382379841280e+01,-6.071825514067091589e+00
-8.993705807498990623e+01,-3.552272654932319256e+02,1.489437347343479168e+01,-6.139870492243904465e+00
-9.302825477960081457e+01,-3.613875064207794594e+02,1.517033486482906568e+01,-6.206386003907182314e+00
-9.578393277674209116e+01,-3.671475691084814912e+02,1.544809237757631415e+01,-6.271267234288732340e+00
-9.876417961801536194e+01,-3.727566242233668277e+02,1.572754136454860152e+01,-6.334417753932187978e+00
-1.017469971320364124e+02,-3.785574632820810734e+02,1.600855815374754343e+01,-6.396949434798319345e+00
-1.047723651490940000e+02,-3.843172474914954933e+02,1.629100004503423449e+01,-6.459004824333769434e+00
-1.082232446361972080e+02,-3.901150456363093326e+02,1.657470531155933458e+01,-6.520743240456560841e+00
-1.112350015788036472e+02,-3.960839099994473713e+02,1.686040077500096857e+01,-6.582126949140073791e+00
-1.146505659332019320e+02,-4.020400497849983594e+02,1.714805472329852876e+01,-6.642921165740777845e+00
-1.179208585169066197e+02,-4.074509623070550788e+02,1.743762275993074695e+01,-6.702907876081401817e+00
-1.211604272888269662e+02,-4.134301125470746570e+02,1.772830195428801758e+01,-6.760899745040457987e+00
-1.250558528524496751e+02,-4.194741698213035193e+02,1.802017792644686267e+01,-6.816917734749419644e+00
-1.288603818491880872e+02,-4.251906525815385294e+02,1.831331726976371854e+01,-6.870991192676262571e+00
-1.320491482234488672e+02,-4.306357590755075080e+02,1.860851340133572407e+01,-6.924143943479699637e+00
-1.358478189375963439e+02,-4.366795044297437016e+02,1.890563947577309634e+01,-6.976216669162845996e+00
-1.397857077116067330e+02,-4.424808519690610638e+02,1.920455596323101588e+01,-7.027066822201429197e+00
-1.442940636369258698e+02,-4.479265847731686563e+02,1.950436479953818747e+01,-7.075582534338948903e+00
-1.474140419422748494e+02,-4.543535880127029145e+02,1.980505647150966553e+01,-7.121860234326824468e+00
-1.505651950073803391e+02,-4.605689108594706909e+02,2.010660243924398571e+01,-7.166004736261097463e+00
-1.537346451808042218e+02,-4.667566601585318153e+02,2.040970098677812317e+01,-7.209115331242918145e+00
-1.570855606596502696e+02,-4.730660161968888247e+02,2.071413013538681369e+01,-7.251108167958718376e+00
-1.603608253184099510e+02,-4.791518642807870947e+02,2.101965522189509628e+01,-7.291916165573995912e+00
-1.638815907421885356e+02,-4.854950859513901946e+02,2.132619062612649685e+01,-7.331489015238003226e+00
-1.673984323156201413e+02,-4.916102751514521856e+02,2.163379976988869657e+01,-7.369793175731368606e+00
-1.709552171660855606e+02,-4.978774189121537574e+02,2.194253339054358776e+01,-7.406811876330546163e+00
-1.743032546689424862e+02,-5.038296761689008463e+02,2.225152196793187187e+01,-7.442545118759791301e+00
-1.783629532577063799e+02,-5.103854018945409052e+02,2.256062280152233868e+01,-7.477009673189153993e+00
-1.820427999091746187e+02,-5.161539562336945437e+02,2.286967416410788445e+01,-7.510239080299927039e+00
-1.858674359785347576e+02,-5.223175938005560965e+02,2.317940287992966475e+01,-7.543269743928871840e+00
-1.899319744206898690e+02,-5.282585633674057135e+02,2.348977723675391616e+01,-7.575963308707089006e+00
-1.938962750425219213e+02,-5.346002591244771338e+02,2.380075283794254304e+01,-7.608206574922712129e+00
-1.981894033279054668e+02,-5.404803338598466098e+02,2.411392601618148746e+01,-7.637725483412192595e+00
-2.022927061493366523e+02,-5.462343531546497388e+02,2.442923969085342506e+01,-7.664440375310101139e+00
-2.064690545805834745e+02,-5.521242035056930035e+02,2.474663678135192058e+01,-7.688279977058599002e+00
-2.107779247506412617e+02,-5.584705733283839209e+02,2.506440679478748024e+01,-7.711367415698134664e+00
-2.151299913219324651e+02,-5.639332051906756078e+02,2.538247996584027888e+01,-7.733664957862218969e+00
-2.196041250922702375e+02,-5.698878185547597468e+02,2.570077384479690252e+01,-7.755160025846224769e+00
-2.244379841932440911e+02,-5.760193282473206864e+02,2.602010086388012411e+01,-7.773679185535433689e+00
-2.285933393371773263e+02,-5.822746827150758691e+02,2.634052127418238953e+01,-7.789243399352399955e+00
-2.334122105273268346e+02,-5.872631804866168750e+02,2.666208898457835019e+01,-7.801882015058295039e+00
-2.378233446097205501e+02,-5.929643636079763382e+02,2.698394399671111543e+01,-7.813818778038985613e+00
-2.432559554298324542e+02,-5.987287427206576922e+02,2.730595946547535036e+01,-7.825116576995179152e+00
-2.479022866250876120e+02,-6.044122941170896866e+02,2.762799586138201136e+01,-7.835863456294699603e+00
-2.530345163491401479e+02,-6.100991990018067099e+02,2.795080854143994031e+01,-7.844972697971649644e+00
-2.578343019754582883e+02,-6.157189534147998984e+02,2.827440067598422502e+01,-7.852360450207862996e+00
-2.626013133325317881e+02,-6.209643054201615087e+02,2.859876909318105120e+01,-7.857959631682920332e+00
-2.669104007011279123e+02,-6.271255510974688150e+02,2.892390427960303967e+01,-7.861719931522165972e+00
-2.712626461666266664e+02,-6.333284559547915933e+02,2.924979037902652834e+01,-7.863607808900443530e+00
-2.753556997469643193e+02,-6.391264528677064618e+02,2.957640519306358939e+01,-7.863606493491875682e+00
-2.798960542215538112e+02,-6.452427565404683492e+02,2.990372018169828294e+01,-7.861715985451026789e+00
-2.840054800308523113e+02,-6.509154554196521758e+02,3.023170046226349683e+01,-7.857953054977458329e+00
-2.888481730509843146e+02,-6.570565089111255475e+02,3.056030480993174692e+01,-7.852351242771697493e+00
-2.935154974621939914e+02,-6.628769213468895032e+02,3.088948565832366810e+01,-7.844960860017735627e+00
-2.983877367629046375e+02,-6.691138216337210451e+02,3.121918909829028266e+01,-7.835848987925773557e+00
-3.018376145979121361e+02,-6.735515629076446658e+02,3.154935487852691622e+01,-7.825099478208740855e+00
-3.065652159908718204e+02,-6.791305320904091332e+02,3.187991641142416910e+01,-7.813799047210210347e+00
-3.112808197786217193e+02,-6.846898556981493584e+02,3.221080076025901917e+01,-7.801859650876857621e+00
-3.182724944726680292e+02,-6.923359415330006641e+02,3.254192864620208070e+01,-7.789218400814138299e+00
-3.211753328408054813e+02,-6.953824263718889824e+02,3.287321443914868269e+01,-7.773651554325207158e+00
-3.261121079313663245e+02,-7.009762443861711745e+02,3.320456617641067965e+01,-7.755129763521903641e+00
-3.313275703962814305e+02,-7.060736112291638165e+02,3.353588555312163777e+01,-7.733632065866370198e+00
-3.363374103879849031e+02,-7.114744126753199680e+02,3.386797550630764420e+01,-7.711331890855930737e+00
-3.414146361082812859e+02,-7.167907710190140733e+02,3.420089311539506127e+01,-7.688241815878980034e+00
-3.469134240942962037e+02,-7.221055526020916204e+02,3.453469545994803269e+01,-7.664399573963570411e+00
-3.524078338252488152e+02,-7.275183860894964027e+02,3.486853204237444714e+01,-7.638668141148450275e+00
-3.577238353682051866e+02,-7.324682223621731509e+02,3.520229187252419933e+01,-7.610913355226891497e+00
-3.628734850190614907e+02,-7.374908278190316651e+02,3.553585761812615118e+01,-7.581017824499948432e+00
-3.679532628162534706e+02,-7.426216575760035994e+02,3.587001318353085821e+01,-7.550080839995166215e+00
-3.744122172881855022e+02,-7.481792493663314190e+02,3.620479662210169636e+01,-7.518240756499957378e+00
-3.798162696599569017e+02,-7.528678592675266827e+02,3.654024598735138341e+01,-7.485661084442236657e+00
-3.854168091462605616e+02,-7.580454386028811768e+02,3.687549175558155667e+01,-7.451330577535684618e+00
-3.909527920556192271e+02,-7.627661126488915215e+02,3.721040391048097717e+01,-7.415240851009175849e+00
-3.971610690769728649e+02,-7.679741618554610341e+02,3.754484609362909708e+01,-7.377400290602215804e+00
-4.017628943467919953e+02,-7.722303992347342501e+02,3.787958317816237752e+01,-7.337834048755010663e+00
-4.074663324879805941e+02,-7.771015340236770044e+02,3.821463419047483256e+01,-7.296584051048760955e+00
-4.128454592169338184e+02,-7.827603624030990659e+02,3.855001815708554602e+01,-7.253708993550496587e+00
-4.181009685629915680e+02,-7.882194709102022898e+02,3.888649995824977879e+01,-7.210270431970571714e+00
-4.234953528864339773e+02,-7.937309570938880370e+02,3.922394323467319310e+01,-7.166155167547335836e+00
-4.289182749609826146e+02,-7.990872194193899531e+02,3.956221796947880165e+01,-7.121275157119007382e+00
-4.342944139437101398e+02,-8.043393281928815668e+02,3.990045463082115873e+01,-7.073381507741888008e+00
-4.396652175482126950e+02,-8.096561553855395914e+02,4.023869127154721070e+01,-7.022419715614483415e+00
-4.449803385047792403e+02,-8.146567002681755412e+02,4.057696594460445993e+01,-6.968343662265916727e+00
-4.509287178647378482e+02,-8.200372482198231410e+02,4.091515498797978267e+01,-6.913301623120950090e+00
-4.566365757944048482e+02,-8.251117763665639586e+02,4.125297300035146719e+01,-6.857281021939845900e+00
-4.620644908751677349e+02,-8.299693971269449548e+02,4.159013458059210677e+01,-6.800294438108282158e+00
-4.677730463823160676e+02,-8.349529807046760652e+02,4.192651605055355901e+01,-6.741179691804555674e+00
-4.735701313735546023e+02,-8.398999465636428567e+02,4.226215546214979923e+01,-6.679777464775303208e+00
-4.791538188808436303e+02,-8.446386057878356723e+02,4.259709086746186557e+01,-6.615945209252894088e+00
-4.851708723683939866e+02,-8.493786014701128124e+02,4.293136032491352694e+01,-6.550757063364756050e+00
-4.908222537698550241e+02,-8.541497614651054846e+02,4.326500188776802247e+01,-6.484326226387453929e+00
-4.971773231892133253e+02,-8.587985885390659178e+02,4.359805360949989961e+01,-6.416791053238267928e+00
-5.040158836940174183e+02,-8.644834975751050479e+02,4.393129938500234033e+01,-6.347115133157143596e+00
-5.092158244805866616e+02,-8.681145671956024898e+02,4.426462188221577776e+01,-6.275264926315957226e+00
-5.155721335625886468e+02,-8.726202784564270587e+02,4.459791011148831785e+01,-6.201223663326638658e+00
-5.217120751848319742e+02,-8.771871716143755293e+02,4.493105943313464223e+01,-6.125977438976843104e+00
-5.283098931532217648e+02,-8.816124602200470690e+02,4.526397154063340622e+01,-6.049337587975916364e+00
-5.342588434820421526e+02,-8.856760308943203199e+02,4.559655446993563288e+01,-5.971140600626341666e+00
-5.409591105603110464e+02,-8.899819003558419581e+02,4.592872259262921375e+01,-5.890262028140225148e+00
-5.480173147066499268e+02,-8.943795123974244916e+02,4.626039663084092979e+01,-5.806794107801698246e+00
-5.542269757060878419e+02,-8.981748691053587663e+02,4.659150364911256048e+01,-5.720845847331452738e+00
-5.613036320095682186e+02,-9.019896072530955280e+02,4.692197706240626331e+01,-5.633529118661122048e+00
-5.677518481515794520e+02,-9.057270634329863697e+02,4.725175661836517804e+01,-5.544781033610050258e+00
-5.749964461512010985e+02,-9.094703403492638927e+02,4.758078840711560531e+01,-5.454563859587476138e+00
-5.808093740494119857e+02,-9.128245566262825150e+02,4.790902486207760802e+01,-5.362865019130777178e+00
-5.869436902573053203e+02,-9.176090059069287008e+02,4.823642475803708152e+01,-5.269697090330163647e+00
-5.930324690359545912e+02,-9.222042106450667234e+02,4.856295321227057116e+01,-5.175097806864111583e+00
-5.992750889254053845e+02,-9.267455219146431773e+02,4.888932752443734131e+01,-5.077930136089858770e+00
-6.054874639427692955e+02,-9.311328154003313102e+02,4.921537011081893809e+01,-4.978059916998163636e+00
-6.118822895804992186e+02,-9.355083012874247288e+02,4.954091607237374006e+01,-4.875369758962213140e+00
-6.184169566862518650e+02,-9.399001051356694916e+02,4.986581321031022895e+01,-4.771945050978623648e+00
-6.248392897866007161e+02,-9.439401283388967840e+02,5.018992199419297862e+01,-4.667718713036527411e+00
-6.314199735710290042e+02,-9.480770512791671081e+02,5.051311557838626953e+01,-4.562657205814118377e+00
-6.380610175698150215e+02,-9.521538703863475348e+02,5.083453394189380248e+01,-4.454574526141820812e+00
-6.451403655737159397e+02,-9.563461288614901150e+02,5.115423099320121736e+01,-4.343487444053787172e+00
-6.516813598154714100e+02,-9.600379425297437592e+02,5.147226698325715688e+01,-4.229429500011196552e+00
-6.587632576114910989e+02,-9.639231346962675389e+02,5.178945435968626043e+01,-4.113437092568965170e+00
-6.651367323770339226e+02,-9.672417164367134319e+02,5.210571067192209682e+01,-3.995371867537779842e+00
-6.722193728727282860e+02,-9.706120703881611007e+02,5.242096615415943717e+01,-3.875120626256768119e+00
-6.791684905972233537e+02,-9.741939989922565246e+02,5.273590957120148914e+01,-3.752595318737955932e+00
-6.861881690116988466e+02,-9.773363363090329585e+02,5.305034114189640349e+01,-3.627733058202452732e+00
-6.932536468104268579e+02,-9.805463450498340308e+02,5.336408011208148139e+01,-3.500496113343830373e+00
-6.999829975138054579e+02,-9.837861754352225034e+02,5.367696475461848848e+01,-3.370871907501487907e+00
-7.074747009115019409e+02,-9.867080265762068620e+02,5.398885236902211204e+01,-3.238873019891800098e+00
-7.145372218962154420e+02,-9.895487184537362282e+02,5.429961928179758957e+01,-3.104537185198861682e+00
-7.220276017828615522e+02,-9.923069170127065490e+02,5.460916084712366114e+01,-2.967927292806768147e+00
-7.289489941800653696e+02,-9.948121033674451610e+02,5.491739144514455262e+01,-2.829131387918197404e+00
-7.363076927339858457e+02,-9.975635023409481619e+02,5.522424448300159128e+01,-2.688262671199245002e+00
-7.440867308131564641e+02,-9.999782112544734218e+02,5.552876481392921448e+01,-2.544259588239613734e+00
-7.508240910086681197e+02,-1.001810360461885125e+03,5.583075582819343197e+01,-2.397063444701300394e+00
-7.581583918472661026e+02,-1.003949518148152606e+03,5.613003360077424020e+01,-2.246632316591706591e+00
-7.655869415505005691e+02,-1.006381654558780497e+03,5.642733448133780882e+01,-2.095127053523339722e+00
-7.724803730176497538e+02,-1.009711685293147639e+03,5.672266798269382804e+01,-1.942556041008429268e+00
-7.794222863184908192e+02,-1.013058952057176043e+03,5.701606264472842156e+01,-1.788961205169163682e+00
-7.862500191635057263e+02,-1.016109403250163837e+03,5.730740428990195312e+01,-1.632232001661506615e+00
-7.932785272631492717e+02,-1.019211367074994314e+03,5.759643605863708871e+01,-1.472460669596661109e+00
-8.001620740667244718e+02,-1.022004953000871410e+03,5.788292011829662442e+01,-1.309756218368791192e+00
-8.072592796639574999e+02,-1.024850391408270980e+03,5.816679939973231228e+01,-1.145230521503190158e+00
-8.144564338253766209e+02,-1.027585072046351797e+03,5.844819757550843775e+01,-9.788206897732627532e-01
-8.212932843707263828e+02,-1.030034399541191988e+03,5.872725734521333152e+01,-8.104889893985727234e-01
-8.284729036013430914e+02,-1.032412158945444617e+03,5.900563212618902043e+01,-6.402228278564850994e-01
-8.356086711563375502e+02,-1.034619153825090279e+03,5.928319190281022344e+01,-4.680347846251626809e-01
-8.428645459639055844e+02,-1.036790807489389181e+03,5.955983837092207267e+01,-2.939625945105491800e-01
-8.499999502073540043e+02,-1.038654417017849482e+03,5.983385151937425661e+01,-1.180691598367148015e-01
-8.572272759288084671e+02,-1.040583946307444648e+03,6.010518378183370913e+01,5.955747449752780281e-02
-8.645174749477818068e+02,-1.042315729593991819e+03,6.037380661898706080e+01,2.388041081695390089e-01
-8.718022171123936914e+02,-1.043885172064539347e+03,6.064045635520471222e+01,4.207323085848168054e-01
-8.791936897941573079e+02,-1.045231139824463753e+03,6.090498711882146665e+01,6.054007701034699318e-01
-8.865164291087965012e+02,-1.046617183401879174e+03,6.116727840735486410e+01,7.928514168784667193e-01
-8.936871716194386863e+02,-1.047676520284079061e+03,6.142723509618286215e+01,9.819094880643481904e-01
-9.010166510796701687e+02,-1.048794527996577926e+03,6.168478742241916279e+01,1.172361161115395234e+00
-9.082843160458129432e+02,-1.049569235006375720e+03,6.193989099242240570e+01,1.363967458129352162e+00
-9.153049250248835733e+02,-1.050383567819892733e+03,6.219327261760783188e+01,1.557664169223333062e+00
-9.228470114613171518e+02,-1.051027255294083716e+03,6.244478325645569328e+01,1.753384211264473524e+00
-9.301447341946928873e+02,-1.051348305583714819e+03,6.269430557884746236e+01,1.951043730981966373e+00
-9.374223976109348087e+02,-1.051795572693659096e+03,6.294175396546232548e+01,2.150542105929060810e+00
-9.447011417788879726e+02,-1.051786648362879760e+03,6.318707450855367824e+01,2.351761942861597010e+00
-9.522291164536655970e+02,-1.051895351977629844e+03,6.343024501177308139e+01,2.554569078403717608e+00
-9.596471929581273344e+02,-1.051828958243831948e+03,6.367036742637168345e+01,2.757826478605411413e+00
-9.669599665829556443e+02,-1.053303281424157603e+03,6.390731490756189714e+01,2.961571875111545626e+00
-9.741071950421711563e+02,-1.054757784247884729e+03,6.414098597980442662e+01,3.165817844236336054e+00
-9.811476259643127378e+02,-1.056003822448557230e+03,6.437130451725177238e+01,3.372737817583796982e+00
-9.881763161069103489e+02,-1.057093345651396021e+03,6.459821978251613928e+01,3.582310831376528615e+00
-9.952183987520055553e+02,-1.058127486158579359e+03,6.482170640730863909e+01,3.794507536820959093e+00
-1.002156702232154657e+03,-1.058902459023279562e+03,6.504341782801046179e+01,4.007104205381710749e+00
-1.009325727625693503e+03,-1.059589824620716172e+03,6.526339209861083646e+01,4.220037948053640520e+00
-1.016376032380423794e+03,-1.060160122043280126e+03,6.548170532678408051e+01,4.433220720621861233e+00
-1.023091177056320021e+03,-1.060496974091545098e+03,6.569756409131741748e+01,4.647739232864852355e+00
-1.029916863672257705e+03,-1.060771398159239880e+03,6.591095253613869431e+01,4.863677335661747314e+00
-1.037027183112231114e+03,-1.060839170018371078e+03,6.612188651656589400e+01,5.081102109791261867e+00
-1.043856820366888769e+03,-1.060916944140112264e+03,6.632950601684719061e+01,5.301049953455383879e+00
-1.050771135012805416e+03,-1.060797392356553019e+03,6.653372224773845289e+01,5.523348969782369444e+00
-1.057613645915147572e+03,-1.060433630810143995e+03,6.673447178907690613e+01,5.747818876907859753e+00
-1.064422802261973629e+03,-1.059915691334887470e+03,6.693246244345841944e+01,5.973284921564825822e+00
-1.071303615259530488e+03,-1.059333520211255518e+03,6.712752614232630322e+01,6.199755486899827694e+00
-1.077941334761883581e+03,-1.058456360982679598e+03,6.731952652849975038e+01,6.427222185977032431e+00
-1.084868096673758600e+03,-1.057723308245995440e+03,6.750761311126896658e+01,6.655659855230785737e+00
-1.091620760712483843e+03,-1.056646657080426621e+03,6.769186833999030739e+01,6.885026569258767992e+00
-1.098203699681334683e+03,-1.055498974831580426e+03,6.787240003317972992e+01,7.115263632519299719e+00
-1.104894256283393815e+03,-1.054176105534058479e+03,6.805083306648519681e+01,7.346295594521442318e+00
-1.111142942614691947e+03,-1.052702086984314064e+03,6.822701522801064300e+01,7.578030216615326609e+00
-1.118012766526620453e+03,-1.051005422239630661e+03,6.840083235944270257e+01,7.810358490139602594e+00
-1.123394095098526577e+03,-1.049270809201919292e+03,6.857146249107366032e+01,8.045340639776808800e+00
-1.130412153966681899e+03,-1.047696331788994257e+03,6.873902295564991505e+01,8.282850888839980996e+00
-1.137095540455344462e+03,-1.047524343673852172e+03,6.890366279712911535e+01,8.522763460883709286e+00
-1.143643235091863971e+03,-1.047179147721403979e+03,6.906540106258611900e+01,8.762766569932757932e+00
-1.150209441159996459e+03,-1.046719554807350733e+03,6.922412676487331851e+01,9.002717666893211401e+00
-1.156657603789679342e+03,-1.046224632432050612e+03,6.937976062819821266e+01,9.242457432614619606e+00
-1.163066635193712273e+03,-1.045399483756097197e+03,6.953316264851142137e+01,9.483009702152896736e+00
-1.169430590901493815e+03,-1.044658696612973472e+03,6.968448503936332372e+01,9.724403824494116222e+00
-1.175662483865244212e+03,-1.043675459554491454e+03,6.983391806780088018e+01,9.966660763782604349e+00
-1.182003501728067704e+03,-1.042605550154856246e+03,6.997987490984759518e+01,1.020979308381233785e+01
-1.188462326039234313e+03,-1.041418481687479471e+03,7.012228580140624956e+01,1.045380497619850324e+01
-1.194552283484716781e+03,-1.039998174931131871e+03,7.026110634742930472e+01,1.069869224760606485e+01
-1.200522050975662978e+03,-1.038645152018576937e+03,7.039797093678154738e+01,1.094444233580786729e+01
-1.206527684867032349e+03,-1.037130527596257252e+03,7.053289859690781327e+01,1.119103427765464787e+01
-1.212599329061976732e+03,-1.035413219479733471e+03,7.066594640872803268e+01,1.143843872517025773e+01
-1.218667323639618189e+03,-1.033633907474550824e+03,7.079555609014518325e+01,1.168661793043652786e+01
-1.224577571824803954e+03,-1.031711923856742033e+03,7.092184814399398363e+01,1.193552577597822228e+01
-1.230323526686350078e+03,-1.029590334307904186e+03,7.104496844214874329e+01,1.218510775937621560e+01
-1.236034506900179849e+03,-1.027440955911114543e+03,7.116583406881208873e+01,1.243530100121670223e+01
-1.241834334540069449e+03,-1.025174615844602613e+03,7.128448624946067014e+01,1.268603422772945422e+01
-1.247471325872923444e+03,-1.022886167012295573e+03,7.140099792081713304e+01,1.293722778026719844e+01
-1.253168028480508383e+03,-1.020376424582188292e+03,7.151531200235238828e+01,1.318879361486610868e+01
-1.258897363104081478e+03,-1.017785791487287383e+03,7.162724140013419571e+01,1.344063530011331942e+01
-1.264329028999698949e+03,-1.015050603558567445e+03,7.173663073146147440e+01,1.369264801972714629e+01
-1.269442189714097822e+03,-1.012256455228107825e+03,7.184261048052857745e+01,1.394471856544843646e+01
-1.274865673598700823e+03,-1.009364433106718025e+03,7.194524407094573348e+01,1.419672535289016224e+01
-1.280197867137343565e+03,-1.006335749019776358e+03,7.204462029534226986e+01,1.444853841273540773e+01
-1.286118591098301067e+03,-1.004704965591297878e+03,7.214159915731244155e+01,1.470023322009005184e+01
-1.291860318037747220e+03,-1.002960298099520287e+03,7.223616479908127985e+01,1.495209067720385754e+01
-1.297640442714455730e+03,-1.001201470500087225e+03,7.232833307410426471e+01,1.520438330146325967e+01
-1.303196202267542958e+03,-9.993310301057549623e+02,7.241815154762828399e+01,1.545716140440364761e+01
-1.308956326788519164e+03,-9.972788856925669734e+02,7.250569949944031123e+01,1.571025309083855070e+01
-1.314524327765166163e+03,-9.950050866030472889e+02,7.259108792054719572e+01,1.596347808072151153e+01
-1.319865591710531589e+03,-9.927639163637441015e+02,7.267355192996944879e+01,1.621784761657950114e+01
-1.325633086183196610e+03,-9.903423155548385921e+02,7.275309787004678697e+01,1.647338685370958089e+01
-1.331083470630637521e+03,-9.878272663913442102e+02,7.282975745203876272e+01,1.673012094764627378e+01
-1.336387767307373224e+03,-9.852651565388963490e+02,7.290358775545566061e+01,1.698807505448372623e+01
-1.341281776280516397e+03,-9.826526782435785208e+02,7.297467122920770066e+01,1.724727433029268653e+01
-1.346427113994708634e+03,-9.798978513290786623e+02,7.304311569112068980e+01,1.750774393138359741e+01
-1.351522474690885929e+03,-9.770373216063545669e+02,7.310905433865028158e+01,1.776830909882985310e+01
-1.356541590075368731e+03,-9.740871134855090077e+02,7.317264572946001522e+01,1.802877278288017848e+01
-1.361429463311885911e+03,-9.709482387231211078e+02,7.323407379020375174e+01,1.828892954886929090e+01
-1.366968718317207731e+03,-9.674641307082433741e+02,7.329338608618358819e+01,1.854877939756863015e+01
-1.371234989011863945e+03,-9.645008300915216068e+02,7.335049382501573234e+01,1.880852776427427742e+01
-1.376025746027246669e+03,-9.611162566989839888e+02,7.340533358329265923e+01,1.906837169937183063e+01
-1.380752085272088607e+03,-9.576909274453259968e+02,7.345802902327591255e+01,1.932948596402133035e+01
-1.385174777902189362e+03,-9.542308438697648398e+02,7.350889091402262920e+01,1.959184540572837108e+01
-1.389601131844886368e+03,-9.507927348768859019e+02,7.355825539348482778e+01,1.985542487224185848e+01
-1.394018314877684134e+03,-9.475454305692524031e+02,7.360541466986074965e+01,2.012019920173599630e+01
-1.398581911579782172e+03,-9.440728973062873592e+02,7.365026409746505465e+01,2.038614323762567437e+01
-1.402752246684055081e+03,-9.407622092050889933e+02,7.369271805728200775e+01,2.065323182351202291e+01
-1.406753136186104257e+03,-9.371852291727537931e+02,7.373361754851246985e+01,2.091925380218781072e+01
-1.411213160185387096e+03,-9.335805666527701305e+02,7.377308307405390053e+01,2.118416724898946768e+01
-1.415550530608340296e+03,-9.298367513295569324e+02,7.381126050584741449e+01,2.144791346919185315e+01
-1.419708973455448586e+03,-9.264098672335339870e+02,7.384815934451773956e+01,2.171161691248614289e+01
-1.424772662246665277e+03,-9.236628195787013738e+02,7.388365274519084380e+01,2.197540754741779168e+01
-1.429831427451682885e+03,-9.208289517874152352e+02,7.391763923193695973e+01,2.223940695762878050e+01
-1.434815833986684765e+03,-9.179277444346163293e+02,7.394929684438064044e+01,2.250471442863392824e+01
-1.439636878870899864e+03,-9.150044594529190363e+02,7.397873023047471008e+01,2.277122933958744966e+01
-1.444652653433691285e+03,-9.118598115939555555e+02,7.400606306482596608e+01,2.303885106983149100e+01
-1.449228649571793994e+03,-9.089655357073071400e+02,7.403218390027771534e+01,2.330649291216987962e+01
-1.454505523261061626e+03,-9.055410631508860888e+02,7.405709907867826303e+01,2.357425968108730885e+01
-1.459412521311458022e+03,-9.023311313912431615e+02,7.408084031080649368e+01,2.384224780616510486e+01
-1.463607028972522130e+03,-8.993024846526222973e+02,7.410255710513321503e+01,2.411054532298967956e+01
-1.468885770129245202e+03,-8.958023511369403877e+02,7.412216384174561767e+01,2.437923188971602784e+01
-1.473301879970449136e+03,-8.926091050649262115e+02,7.413959392744379784e+01,2.464837877953196354e+01
-1.478258201717553902e+03,-8.889757236390806838e+02,7.415570735570393879e+01,2.491903498420882812e+01
-1.482334033245020464e+03,-8.857339777893510018e+02,7.417064365723992125e+01,2.519104957235467168e+01
-1.487310456719193780e+03,-8.820115629266744008e+02,7.418456773160201578e+01,2.546427161283079954e+01
-1.493090572307184175e+03,-8.776433289935843050e+02,7.419676228604153323e+01,2.573756407137091529e+01
-1.497895235386270997e+03,-8.739348407991153636e+02,7.420727488705063024e+01,2.601098145197531153e+01
-1.500666383909934439e+03,-8.709604749939716157e+02,7.421617212782631157e+01,2.628456987367844988e+01
-1.506870537309709562e+03,-8.662754100207242800e+02,7.422337789004104991e+01,2.655935316326726081e+01
-1.509418147288801038e+03,-8.632957835060176421e+02,7.422867337001645183e+01,2.683515523029612027e+01
-1.514331829203304324e+03,-8.589424837487558761e+02,7.423185879067835913e+01,2.711179998450950279e+01
-1.518758291945568089e+03,-8.547047950225152135e+02,7.423291513875807368e+01,2.738812524323345343e+01
-1.523003041799834591e+03,-8.505914036006032575e+02,7.423200414057859575e+01,2.766416035614082247e+01
-1.527552117658625093e+03,-8.459870457514875852e+02,7.422930654916035564e+01,2.793992628793946764e+01
-1.532055508380743049e+03,-8.414510187496161961e+02,7.422486039351021248e+01,2.821762162654643191e+01
-1.536340420805468739e+03,-8.369267513261510203e+02,7.421856102761768170e+01,2.849726733383151966e+01
-1.539796337020730334e+03,-8.329641605020284487e+02,7.421032283198081814e+01,2.877889275700859884e+01
-1.543456165498598693e+03,-8.283330991071289873e+02,7.420007923511194292e+01,2.906034961870289024e+01
-1.549005337363854323e+03,-8.229898136174961110e+02,7.418778267062945986e+01,2.934166726647818990e+01
-1.552070208460787626e+03,-8.182751051882701177e+02,7.417340459882559855e+01,2.962286666293227100e+01
-1.557006163879464566e+03,-8.142959434709712241e+02,7.415768133773715931e+01,2.990494648721540472e+01
-1.561879390501650505e+03,-8.101694960536636927e+02,7.414046701935721728e+01,3.018770549415656745e+01
-1.566788273012057289e+03,-8.060089353951893827e+02,7.412164114445428709e+01,3.047094243883578812e+01
-1.571618543472480042e+03,-8.016136050936441961e+02,7.410110858200020800e+01,3.075445607654500790e+01
-1.576089301921108245e+03,-7.973498054282493968e+02,7.407879957035422080e+01,3.103804516287654280e+01
-1.580696803724738174e+03,-7.928991656121667120e+02,7.405466971664648668e+01,3.132150845367342029e+01
-1.585017178201855359e+03,-7.885190860466831282e+02,7.402869999647136012e+01,3.160464470509762691e+01
-1.589999300870210391e+03,-7.836642989978080323e+02,7.400089675459224736e+01,3.188725267351425074e+01
-1.593791383489873169e+03,-7.792979538342419801e+02,7.397129170454076075e+01,3.216913111553954252e+01
-1.599342756888002214e+03,-7.737011928376018659e+02,7.393903434685223885e+01,3.245127869462142911e+01
-1.602019547084514670e+03,-7.698986485006755629e+02,7.390403906208440787e+01,3.273371637283884183e+01
-1.606293537459092477e+03,-7.649060229341464492e+02,7.386623925727207052e+01,3.301647349761312000e+01
-1.610162375627984147e+03,-7.600912304496243905e+02,7.382649494671231594e+01,3.329838789507411434e+01
-1.613949671973738759e+03,-7.551133128334021194e+02,7.378494566113479891e+01,3.357928347844816130e+01
-1.617829074165454131e+03,-7.501729416436113524e+02,7.374175630002896753e+01,3.385898416121207788e+01
-1.623816272713035005e+03,-7.433771302398345142e+02,7.369695541299098807e+01,3.413632776084045872e+01
-1.625187785185926714e+03,-7.397216171333313923e+02,7.365043518299053460e+01,3.441134362437686178e+01
-1.628752780959283655e+03,-7.345667804598253952e+02,7.360211316182152075e+01,3.468405271395711509e+01
-1.631822301029818618e+03,-7.294500989312753063e+02,7.355193224741417168e+01,3.495665361659811765e+01
-1.635240560858648223e+03,-7.242230223149529138e+02,7.349986072914929025e+01,3.522916729498216881e+01
-1.638723499240724777e+03,-7.189329414885454526e+02,7.344589226505745216e+01,3.550162309719274134e+01
-1.641680274953259186e+03,-7.137092260864048967e+02,7.338913830310858089e+01,3.577504484190402678e+01
-1.644979585531077646e+03,-7.082488851194136714e+02,7.332947517231805534e+01,3.604927320994769957e+01
-1.647782800257189365e+03,-7.030017648520089324e+02,7.326679822806724474e+01,3.632416565264876596e+01
-1.650856121211926165e+03,-6.972913691431300549e+02,7.320192944257094325e+01,3.659741039104515181e+01
-1.653706603939521301e+03,-6.918050402974588451e+02,7.313497029268492611e+01,3.686888164888315345e+01
-1.656519791995200421e+03,-6.862104827721101401e+02,7.306604762399591380e+01,3.713845365015605182e+01
-1.658865153230549140e+03,-6.805943632888436241e+02,7.299440606949259802e+01,3.740720052555654718e+01
-1.662878222761260531e+03,-6.755591701461370349e+02,7.292005514189611404e+01,3.767521870454847743e+01
-1.666633074062407786e+03,-6.704092609909693010e+02,7.284302338036994229e+01,3.794261300193284825e+01
-1.670419570065130301e+03,-6.652433753698880992e+02,7.276410419161783238e+01,3.820949662504131794e+01
-1.674130006397660054e+03,-6.600091274900635199e+02,7.268320878436327348e+01,3.847599115792842639e+01
-1.677739279742831286e+03,-6.547137665704807432e+02,7.260027373595744393e+01,3.874222657004668235e+01
-1.681157007646454304e+03,-6.494722118452336872e+02,7.251451516255642105e+01,3.900714129315984735e+01
-1.684550551355205243e+03,-6.442955244111660704e+02,7.242607576463792896e+01,3.927065986236145534e+01
-1.687096123894563107e+03,-6.392007111642915334e+02,7.233511726919915930e+01,3.953270681292529787e+01
-1.691154125415382623e+03,-6.333302936996427661e+02,7.224256624887044609e+01,3.979539269729676931e+01
-1.694091941179411833e+03,-6.282487432296660472e+02,7.214846710001629049e+01,4.005865881998129652e+01
-1.697532167834156780e+03,-6.220704034796474389e+02,7.205288958753793338e+01,4.032246325603476578e+01
-1.700057609781076280e+03,-6.172926168454774825e+02,7.195502129757781518e+01,4.058459483174694782e+01
-1.701936161397696424e+03,-6.120548350804440361e+02,7.185481466438982068e+01,4.084502839130897200e+01
-1.705819083726754570e+03,-6.059806271978352470e+02,7.175224114872816017e+01,4.110373877908639173e+01
-1.708749813911656929e+03,-6.001139622447958573e+02,7.164819879348470977e+01,4.136190076435978114e+01
-1.709933736545729516e+03,-5.955302573495704337e+02,7.154286517851208771e+01,4.161971140015401716e+01
-1.713131255586991983e+03,-5.891045313174377043e+02,7.143644325227020886e+01,4.187737612488656680e+01
-1.716443779827140588e+03,-5.827761109074258457e+02,7.132899960702333431e+01,4.213489493859697177e+01
-1.717040112979616424e+03,-5.783160204239246696e+02,7.122046448124683593e+01,4.239206240454066688e+01
-1.719358842414629862e+03,-5.723747772070237261e+02,7.111079348201417361e+01,4.264868147135953080e+01
-1.721190055320403189e+03,-5.665109073887815612e+02,7.099922174065622471e+01,4.290477728730078866e+01
-1.725136405069988768e+03,-5.593497827181649882e+02,7.088591098095915299e+01,4.316059721616235123e+01
-1.725348710725851106e+03,-5.548040403408423344e+02,7.077104195311152068e+01,4.341639700706721072e+01
-1.728941937052485173e+03,-5.476874717253589324e+02,7.065465270940411813e+01,4.367222697082692662e+01
-1.729728955207546505e+03,-5.418162342254612440e+02,7.053663860562191701e+01,4.392793198124866905e+01
-1.730735868524933267e+03,-5.369725124427161518e+02,7.041691402394681631e+01,4.418336529745963759e+01
-1.732011974552673792e+03,-5.304467843640895808e+02,7.029541238133151637e+01,4.443740246922620685e+01
-1.736899232479099510e+03,-5.229154372636421613e+02,7.017208611118476824e+01,4.469011896272864703e+01
-1.735534893697405550e+03,-5.190676822042115646e+02,7.004690667338283561e+01,4.494159024430825156e+01
-1.736478171407749187e+03,-5.124516170384652014e+02,6.991986454480723978e+01,4.519287787440148207e+01
-1.739128546643310301e+03,-5.058508229331757775e+02,6.979096924042092098e+01,4.544385188344531201e+01
-1.741958395116707152e+03,-4.990234235819621063e+02,6.966024930157327333e+01,4.569439068719022856e+01
-1.744742211418457828e+03,-4.931125005124214908e+02,6.952775229593794393e+01,4.594438108666545872e+01
-1.747437552722702321e+03,-4.871791758342940852e+02,6.939354481787735551e+01,4.619371826830212768e+01
-1.750072023204517109e+03,-4.812225924457557085e+02,6.925771248813886416e+01,4.644230580384444096e+01
-1.752752598197152111e+03,-4.750526248942916823e+02,6.912110579385981168e+01,4.669005565667109181e+01
-1.755242747764171099e+03,-4.688898351445488402e+02,6.898369302549697579e+01,4.693688816789916984e+01
-1.757794811045839424e+03,-4.624677975512322519e+02,6.884546784206798975e+01,4.718273206401238440e+01
-1.760232914085745961e+03,-4.564176347001279623e+02,6.870554169160031677e+01,4.742872436345077602e+01
-1.762641887326147526e+03,-4.499398276889198769e+02,6.856379090025258449e+01,4.767503276845639704e+01
-1.764949007163809028e+03,-4.434495473569932642e+02,6.842011082046815318e+01,4.792184175172913285e+01
-1.767300548373558513e+03,-4.371764861080940818e+02,6.827367000245983775e+01,4.816815263392216195e+01
-1.769397871551769413e+03,-4.305170818222601383e+02,6.812455723721861034e+01,4.841396122355482134e+01
-1.771058377292109299e+03,-4.244440750118590131e+02,6.797287399992150370e+01,4.865927171439080468e+01
-1.773298566121866088e+03,-4.174097252038533270e+02,6.781948030075119505e+01,4.890289677539063717e+01
-1.774772453010898744e+03,-4.113067016745117712e+02,6.766434760231398116e+01,4.914463516292465783e+01
-1.776149782772174831e+03,-4.053565376124090562e+02,6.750746639365321755e+01,4.938428563350081646e+01
-1.778217093631577427e+03,-3.981708441257435993e+02,6.734884617870721968e+01,4.962284685959564712e+01
-1.779346988034584001e+03,-3.920333419291406472e+02,6.718851549745848217e+01,4.986033980463441395e+01
-1.780865652482797486e+03,-3.852553008362988294e+02,6.702652191624517286e+01,5.009679381733599968e+01
-1.782959251727058700e+03,-3.776279930333266748e+02,6.686367785908132078e+01,5.033323273189728297e+01
